date,cpu
2023-11-04 14:28:30,1.044949994
2023-11-04 14:28:45,1.584433572
2023-11-04 14:29:00,0.110063104
2023-11-04 14:29:15,0.058440856
2023-11-04 14:29:30,0.055094521
2023-11-04 14:29:45,0.060576745
2023-11-04 14:30:00,0.048229128
2023-11-04 14:30:15,0.043657865
2023-11-04 14:30:30,0.042004764
2023-11-04 14:30:45,0.017877993
2023-11-04 14:31:00,1.057886286
2023-11-04 14:31:15,2.017047189
2023-11-04 14:31:30,1.886896103
2023-11-04 14:31:45,1.389296294
2023-11-04 14:32:00,1.262180163
2023-11-04 14:32:15,1.070527778
2023-11-04 14:32:30,0.988874315
2023-11-04 14:32:45,0.657116742
2023-11-04 14:33:00,0.684880691
2023-11-04 14:33:15,0.50112242
2023-11-04 14:33:30,0.47248555
2023-11-04 14:33:45,0.340373919
2023-11-04 14:34:00,0.408574362
2023-11-04 14:34:15,0.35205403
2023-11-04 14:34:30,0.342703657
2023-11-04 14:34:45,0.322350948
2023-11-04 14:35:00,0.344035751
2023-11-04 14:35:15,0.363584074
2023-11-04 14:35:30,0.373437102
2023-11-04 14:35:45,0.331209673
2023-11-04 14:36:00,0.359532815
2023-11-04 14:36:15,0.371607059
2023-11-04 14:36:30,0.355277069
2023-11-04 14:36:45,0.333376972
2023-11-04 14:37:00,0.355733379
2023-11-04 14:37:15,0.36941883
2023-11-04 14:37:30,0.353686956
2023-11-04 14:37:45,0.354872305
2023-11-04 14:38:00,0.31907681
2023-11-04 14:38:15,0.359725755
2023-11-04 14:38:30,0.329354277
2023-11-04 14:38:45,0.343130894
2023-11-04 14:39:00,0.186261005
2023-11-04 14:39:15,0.158849897
2023-11-04 14:39:30,0.371126362
2023-11-04 14:39:45,0.281317558
2023-11-04 14:40:00,0.164939323
2023-11-04 14:40:15,0.167291112
2023-11-04 14:40:30,0.188455931
2023-11-04 14:40:45,0.347711132
2023-11-04 14:41:00,0.352745564
2023-11-04 14:41:15,0.315668897
2023-11-04 14:41:30,0.32681792
2023-11-04 14:41:45,0.311387428
2023-11-04 14:42:00,0.351832955
2023-11-04 14:42:15,0.322984465
2023-11-04 14:42:30,0.284186663
2023-11-04 14:42:45,0.154775684
2023-11-04 14:43:00,0.253251358
2023-11-04 14:43:15,0.31377538
2023-11-04 14:43:30,0.168811881
2023-11-04 14:43:45,0.166243635
2023-11-04 14:44:00,0.323172122
2023-11-04 14:44:15,0.293739716
2023-11-04 14:44:30,0.248356807
2023-11-04 14:44:45,0.274951707
2023-11-04 14:45:00,0.250909606
2023-11-04 14:45:15,0.351018356
2023-11-04 14:45:30,0.302722528
2023-11-04 14:45:45,0.361109224
2023-11-04 14:46:00,0.320803342
2023-11-04 14:46:15,0.346587728
2023-11-04 14:46:30,0.288658186
2023-11-04 14:46:45,0.341036133
2023-11-04 14:47:00,0.324034482
2023-11-04 14:47:15,0.342969099
2023-11-04 14:47:30,0.342907662
2023-11-04 14:47:45,0.335770022
2023-11-04 14:48:00,0.236139945
2023-11-04 14:48:15,0.34420342
2023-11-04 14:48:30,0.27342333
2023-11-04 14:48:45,0.159927833
2023-11-04 14:49:00,0.267858883
2023-11-04 14:49:15,0.323647528
2023-11-04 14:49:30,0.271199084
2023-11-04 14:49:45,0.32731712
2023-11-04 14:50:00,0.313004124
2023-11-04 14:50:15,0.166613178
2023-11-04 14:50:30,0.122942491
2023-11-04 14:50:45,0.326426448
2023-11-04 14:51:00,0.349522299
2023-11-04 14:51:15,0.347678058
2023-11-04 14:51:30,0.347747663
2023-11-04 14:51:45,0.266072055
2023-11-04 14:52:00,0.35516877
2023-11-04 14:52:15,0.389679064
2023-11-04 14:52:30,0.185166355
2023-11-04 14:52:45,0.279680091
2023-11-04 14:53:00,0.173951884
2023-11-04 14:53:15,0.170469788
2023-11-04 14:53:30,0.121712587
2023-11-04 14:53:45,0.168652588
2023-11-04 14:54:00,0.27918915
2023-11-04 14:54:15,0.166388632
2023-11-04 14:54:30,0.3391356
2023-11-04 14:54:45,0.350555737
2023-11-04 14:55:00,0.325962285
2023-11-04 14:55:15,0.291573459
2023-11-04 14:55:30,0.331430548
2023-11-04 14:55:45,0.33579164
2023-11-04 14:56:00,0.332729777
2023-11-04 14:56:15,0.177293221
2023-11-04 14:56:30,0.283094091
2023-11-04 14:56:45,0.344432137
2023-11-04 14:57:00,0.174776837
2023-11-04 14:57:15,0.178549511
2023-11-04 14:57:30,0.341385288
2023-11-04 14:57:45,0.358443994
2023-11-04 14:58:00,0.529168455
2023-11-04 14:58:15,0.465254999
2023-11-04 14:58:30,0.361294887
2023-11-04 14:58:45,0.304504975
2023-11-04 14:59:00,0.344084432
2023-11-04 14:59:15,0.364194176
2023-11-04 14:59:30,0.407550124
2023-11-04 14:59:45,0.350966453
2023-11-04 15:00:00,0.361182726
2023-11-04 15:00:15,0.142608425
2023-11-04 15:00:30,0.175918104
2023-11-04 15:00:45,0.344954731
2023-11-04 15:01:00,0.302683061
2023-11-04 15:01:15,0.167580604
2023-11-04 15:01:30,0.160545476
2023-11-04 15:01:45,0.166011229
2023-11-04 15:02:00,0.32554439
2023-11-04 15:02:15,0.334746129
2023-11-04 15:02:30,0.338191925
2023-11-04 15:02:45,0.2954159
2023-11-04 15:03:00,0
2023-11-04 15:03:15,0.164941966
2023-11-04 15:03:30,0.340731966
2023-11-04 15:03:45,0.323208369
2023-11-04 15:04:00,0.294341197
2023-11-04 15:04:15,0.337772897
2023-11-04 15:04:30,0.34506643
2023-11-04 15:04:45,0.336534818
2023-11-04 15:05:00,0.337797372
2023-11-04 15:05:15,0.318537062
2023-11-04 15:05:30,0.330607452
2023-11-04 15:05:45,0.344092595
2023-11-04 15:06:00,0.324408284
2023-11-04 15:06:15,0.353851615
2023-11-04 15:06:30,0.274555039
2023-11-04 15:06:45,0.173074371
2023-11-04 15:07:00,0.332277463
2023-11-04 15:07:15,0.324579009
2023-11-04 15:07:30,0.326466756
2023-11-04 15:07:45,0.329225197
2023-11-04 15:08:00,0.158935064
2023-11-04 15:08:15,0.196978464
2023-11-04 15:08:30,0.259190887
2023-11-04 15:08:45,0.32356219
2023-11-04 15:09:00,0.31314117
2023-11-04 15:09:15,0.335573802
2023-11-04 15:09:30,0.31105103
2023-11-04 15:09:45,0.333125954
2023-11-04 15:10:00,0.322665884
2023-11-04 15:10:15,0.335620032
2023-11-04 15:10:30,0.313727972
2023-11-04 15:10:45,0.334176094
2023-11-04 15:11:00,0.32466603
2023-11-04 15:11:15,0.328848362
2023-11-04 15:11:30,0.113710936
2023-11-04 15:11:45,0.275186345
2023-11-04 15:12:00,0.251235537
2023-11-04 15:12:15,0.163694485
2023-11-04 15:12:30,0.337665111
2023-11-04 15:12:45,0.313671425
2023-11-04 15:13:00,0.325546459
2023-11-04 15:13:15,0.252366352
2023-11-04 15:13:30,0.11334719
2023-11-04 15:13:45,0.25637931
2023-11-04 15:14:00,0.331674191
2023-11-04 15:14:15,0.162977099
2023-11-04 15:14:30,0.168160617
2023-11-04 15:14:45,0.167561442
2023-11-04 15:15:00,0.26164467
2023-11-04 15:15:15,0.329406755
2023-11-04 15:15:30,0.111895127
2023-11-04 15:15:45,0.277936286
2023-11-04 15:16:00,0.28850337
2023-11-04 15:16:15,0.33814195
2023-11-04 15:16:30,0.272323804
2023-11-04 15:16:45,0.327767736
2023-11-04 15:17:00,0.318277864
2023-11-04 15:17:15,0.326477931
2023-11-04 15:17:30,0.320534667
2023-11-04 15:17:45,0.313018782
2023-11-04 15:18:00,0.312088079
2023-11-04 15:18:15,0.161691268
2023-11-04 15:18:30,0.173893876
2023-11-04 15:18:45,0.284946196
2023-11-04 15:19:00,0.327938386
2023-11-04 15:19:15,0.157947278
2023-11-04 15:19:30,0.117002092
2023-11-04 15:19:45,0.322201703
2023-11-04 15:20:00,0.337162303
2023-11-04 15:20:15,0.332379659
2023-11-04 15:20:30,0.321617987
2023-11-04 15:20:45,0.325483311
2023-11-04 15:21:00,0.297353422
2023-11-04 15:21:15,0.319679856
2023-11-04 15:21:30,0.330828146
2023-11-04 15:21:45,0.277337714
2023-11-04 15:22:00,0.315401454
2023-11-04 15:22:15,0.330213145
2023-11-04 15:22:30,0.336935589
2023-11-04 15:22:45,0.354233797
2023-11-04 15:23:00,0.129930054
2023-11-04 15:23:15,0.161615886
2023-11-04 15:23:30,0.326825081
2023-11-04 15:23:45,0.335907316
2023-11-04 15:24:00,0.318381682
2023-11-04 15:24:15,0.335590485
2023-11-04 15:24:30,0.312681098
2023-11-04 15:24:45,0.26353192
2023-11-04 15:25:00,0.165124914
2023-11-04 15:25:15,0.325438751
2023-11-04 15:25:30,0.345514263
2023-11-04 15:25:45,0.332346609
2023-11-04 15:26:00,0.328983521
2023-11-04 15:26:15,0.346068618
2023-11-04 15:26:30,0.291054987
2023-11-04 15:26:45,0.325152317
2023-11-04 15:27:00,0.28050663
2023-11-04 15:27:15,0.325039338
2023-11-04 15:27:30,0.325608686
2023-11-04 15:27:45,0.166569356
2023-11-04 15:28:00,0.169605001
2023-11-04 15:28:15,0.289939568
2023-11-04 15:28:30,0.340472179
2023-11-04 15:28:45,0.337194457
2023-11-04 15:29:00,0.32411081
2023-11-04 15:29:15,0.350546312
2023-11-04 15:29:30,0.277818584
2023-11-04 15:29:45,0.1600603
2023-11-04 15:30:00,0.170248347
2023-11-04 15:30:15,0.325726993
2023-11-04 15:30:30,0.286734715
2023-11-04 15:30:45,0.334174128
2023-11-04 15:31:00,0.332648388
2023-11-04 15:31:15,0.289980894
2023-11-04 15:31:30,0.317025651
2023-11-04 15:31:45,0.31249491
2023-11-04 15:32:00,0.312710319
2023-11-04 15:32:15,0.28693883
2023-11-04 15:32:30,0.15779384
2023-11-04 15:32:45,0.196975644
2023-11-04 15:33:00,0.322622241
2023-11-04 15:33:15,0.317993978
2023-11-04 15:33:30,0.331655432
2023-11-04 15:33:45,0.166492106
2023-11-04 15:34:00,0.166325406
2023-11-04 15:34:15,0.284118857
2023-11-04 15:34:30,0.342978723
2023-11-04 15:34:45,0.332183808
2023-11-04 15:35:00,0.334629625
2023-11-04 15:35:15,0.348112886
2023-11-04 15:35:30,0.345081402
2023-11-04 15:35:45,0.334402954
2023-11-04 15:36:00,0.33081315
2023-11-04 15:36:15,0.16800342
2023-11-04 15:36:30,0.159007155
2023-11-04 15:36:45,0.328266386
2023-11-04 15:37:00,0.164445178
2023-11-04 15:37:15,0.163605019
2023-11-04 15:37:30,0.271796993
2023-11-04 15:37:45,0.338398897
2023-11-04 15:38:00,0.327088978
2023-11-04 15:38:15,0.32105195
2023-11-04 15:38:30,0.324934911
2023-11-04 15:38:45,0.313561714
2023-11-04 15:39:00,0.30306193
2023-11-04 15:39:15,0.300510566
2023-11-04 15:39:30,0.162335293
2023-11-04 15:39:45,0.176162904
2023-11-04 15:40:00,0.322732683
2023-11-04 15:40:15,0.337580152
2023-11-04 15:40:30,0.163982774
2023-11-04 15:40:45,0.108234783
2023-11-04 15:41:00,0.264482297
2023-11-04 15:41:15,0.332611863
2023-11-04 15:41:30,0.342645457
2023-11-04 15:41:45,0.293171811
2023-11-04 15:42:00,0.332637512
2023-11-04 15:42:15,0.279580179
2023-11-04 15:42:30,0.329343616
2023-11-04 15:42:45,0.307459695
2023-11-04 15:43:00,0.299406973
2023-11-04 15:43:15,0.318823975
2023-11-04 15:43:30,0.311016823
2023-11-04 15:43:45,0.16084099
2023-11-04 15:44:00,0.260358937
2023-11-04 15:44:15,0.310854388
2023-11-04 15:44:30,0.316736799
2023-11-04 15:44:45,0.306128338
2023-11-04 15:45:00,0.3166045
2023-11-04 15:45:15,0.418077886
2023-11-04 15:45:30,0.33655189
2023-11-04 15:45:45,0.339218904
2023-11-04 15:46:00,0.160033922
2023-11-04 15:46:15,0.180924466
2023-11-04 15:46:30,0.278608144
2023-11-04 15:46:45,0.353331088
2023-11-04 15:47:00,0.348072143
2023-11-04 15:47:15,0.350799032
2023-11-04 15:47:30,0.331902288
2023-11-04 15:47:45,0.342745122
2023-11-04 15:48:00,0.285614568
2023-11-04 15:48:15,0.345364406
2023-11-04 15:48:30,0.348404631
2023-11-04 15:48:45,0.339819647
2023-11-04 15:49:00,0.333875275
2023-11-04 15:49:15,0.340516641
2023-11-04 15:49:30,0.342292437
2023-11-04 15:49:45,0.338452968
2023-11-04 15:50:00,0.327751789
2023-11-04 15:50:15,0.332992805
2023-11-04 15:50:30,0.335361109
2023-11-04 15:50:45,0.28380088
2023-11-04 15:51:00,0.321347375
2023-11-04 15:51:15,0.336390622
2023-11-04 15:51:30,0.155894828
2023-11-04 15:51:45,0.20924468
2023-11-04 15:52:00,0.326793072
2023-11-04 15:52:15,0.167477639
2023-11-04 15:52:30,0.1097072
2023-11-04 15:52:45,0.167576031
2023-11-04 15:53:00,0.166382994
2023-11-04 15:53:15,0.157556064
2023-11-04 15:53:30,0.323771172
2023-11-04 15:53:45,0.269142324
2023-11-04 15:54:00,0.097920879
2023-11-04 15:54:15,0.101687958
2023-11-04 15:54:30,0.155061357
2023-11-04 15:54:45,0.30584537
2023-11-04 15:55:00,0.300566516
2023-11-04 15:55:15,0.313201265
2023-11-04 15:55:30,0.314973449
2023-11-04 15:55:45,0.322714085
2023-11-04 15:56:00,0.29890992
2023-11-04 15:56:15,0.345977489
2023-11-04 15:56:30,0.297340463
2023-11-04 15:56:45,0.321311954
2023-11-04 15:57:00,0.286130509
2023-11-04 15:57:15,0.314408305
2023-11-04 15:57:30,0.326750272
2023-11-04 15:57:45,0.326714837
2023-11-04 15:58:00,0.163355709
2023-11-04 15:58:15,0.164905549
2023-11-04 15:58:30,0.328045607
2023-11-04 15:58:45,0.310848867
2023-11-04 15:59:00,0.308980338
2023-11-04 15:59:15,0.271308046
2023-11-04 15:59:30,0.318856702
2023-11-04 15:59:45,0.326560228
2023-11-04 16:00:00,0.316720839
2023-11-04 16:00:15,0.34801033
2023-11-04 16:00:30,0.328407327
2023-11-04 16:00:45,0.337081209
2023-11-04 16:01:00,0.320717074
2023-11-04 16:01:15,0.333921853
2023-11-04 16:01:30,0.311649273
2023-11-04 16:01:45,0.166891785
2023-11-04 16:02:00,0.165790036
2023-11-04 16:02:15,0.278347437
2023-11-04 16:02:30,0.163887408
2023-11-04 16:02:45,0.335930596
2023-11-04 16:03:00,0.161887201
2023-11-04 16:03:15,0.168655844
2023-11-04 16:03:30,0.324642281
2023-11-04 16:03:45,0.32817605
2023-11-04 16:04:00,0.322865378
2023-11-04 16:04:15,0.334326338
2023-11-04 16:04:30,0.271746656
2023-11-04 16:04:45,0.326749785
2023-11-04 16:05:00,0.162086335
2023-11-04 16:05:15,0.102809329
2023-11-04 16:05:30,0.275368821
2023-11-04 16:05:45,0.270921329
2023-11-04 16:06:00,0.157385595
2023-11-04 16:06:15,0.314957433
2023-11-04 16:06:30,0.311812213
2023-11-04 16:06:45,0.306892428
2023-11-04 16:07:00,0.256393427
2023-11-04 16:07:15,0.105258725
2023-11-04 16:07:30,0.311407254
2023-11-04 16:07:45,0.313258691
2023-11-04 16:08:00,0.267552417
2023-11-04 16:08:15,0.26192653
2023-11-04 16:08:30,0.331421083
2023-11-04 16:08:45,0.165582303
2023-11-04 16:09:00,0.274104227
2023-11-04 16:09:15,0.276707529
2023-11-04 16:09:30,0.159832005
2023-11-04 16:09:45,0.314433769
2023-11-04 16:10:00,0.315017745
2023-11-04 16:10:15,0.316956736
2023-11-04 16:10:30,0.314823984
2023-11-04 16:10:45,0.267187195
2023-11-04 16:11:00,0.16359608
2023-11-04 16:11:15,0.292583783
2023-11-04 16:11:30,0.332441646
2023-11-04 16:11:45,0.329975306
2023-11-04 16:12:00,0.329478359
2023-11-04 16:12:15,0.33686854
2023-11-04 16:12:30,0.325228087
2023-11-04 16:12:45,0.284568362
2023-11-04 16:13:00,0.330297436
2023-11-04 16:13:15,0.328082278
2023-11-04 16:13:30,0.332707631
2023-11-04 16:13:45,0.324770666
2023-11-04 16:14:00,0.335271175
2023-11-04 16:14:15,0.323526303
2023-11-04 16:14:30,0.32809989
2023-11-04 16:14:45,0.240344768
2023-11-04 16:15:00,0.325587328
2023-11-04 16:15:15,0.220671317
2023-11-04 16:15:30,0.165148909
2023-11-04 16:15:45,0.318812433
2023-11-04 16:16:00,0.222527566
2023-11-04 16:16:15,0.322021035
2023-11-04 16:16:30,0.313490818
2023-11-04 16:16:45,0.108032728
2023-11-04 16:17:00,0.157267623
2023-11-04 16:17:15,0.332028416
2023-11-04 16:17:30,0.270042558
2023-11-04 16:17:45,0.319034871
2023-11-04 16:18:00,0.313983223
2023-11-04 16:18:15,0.33118234
2023-11-04 16:18:30,0.320456476
2023-11-04 16:18:45,0.110493973
2023-11-04 16:19:00,0
2023-11-04 16:19:15,0.330127364
2023-11-04 16:19:30,0.329011921
2023-11-04 16:19:45,0.324935894
2023-11-04 16:20:00,0.327159905
2023-11-04 16:20:15,0.346998595
2023-11-04 16:20:30,0.157376329
2023-11-04 16:20:45,0.167817655
2023-11-04 16:21:00,0.332768277
2023-11-04 16:21:15,0.315470731
2023-11-04 16:21:30,0.286651475
2023-11-04 16:21:45,0.334199845
2023-11-04 16:22:00,0.288208108
2023-11-04 16:22:15,0.327280688
2023-11-04 16:22:30,0.163120027
2023-11-04 16:22:45,0.156220303
2023-11-04 16:23:00,0.319041706
2023-11-04 16:23:15,0.164025056
2023-11-04 16:23:30,0.263143761
2023-11-04 16:23:45,0.327932093
2023-11-04 16:24:00,0.324665619
2023-11-04 16:24:15,0.28094988
2023-11-04 16:24:30,0.326201966
2023-11-04 16:24:45,0.326474409
2023-11-04 16:25:00,0.325229664
2023-11-04 16:25:15,0.16306098
2023-11-04 16:25:30,0.164110723
2023-11-04 16:25:45,0.163701059
2023-11-04 16:26:00,0.16809336
2023-11-04 16:26:15,0.329455761
2023-11-04 16:26:30,0.337307643
2023-11-04 16:26:45,0.329392641
2023-11-04 16:27:00,0.162965566
2023-11-04 16:27:15,0.10992481
2023-11-04 16:27:30,0.182617846
2023-11-04 16:27:45,0.329436798
2023-11-04 16:28:00,0.322876018
2023-11-04 16:28:15,0.330813869
2023-11-04 16:28:30,0.325914199
2023-11-04 16:28:45,0.28963743
2023-11-04 16:29:00,0.3391686
2023-11-04 16:29:15,0.333429426
2023-11-04 16:29:30,0.322958192
2023-11-04 16:29:45,0.33472969
2023-11-04 16:30:00,0.32905181
2023-11-04 16:30:15,0.339711547
2023-11-04 16:30:30,0.300275577
2023-11-04 16:30:45,0.157482945
2023-11-04 16:31:00,0.32140564
2023-11-04 16:31:15,0.332298892
2023-11-04 16:31:30,0.323980398
2023-11-04 16:31:45,0.236517976
2023-11-04 16:32:00,0.314591822
2023-11-04 16:32:15,0.334901459
2023-11-04 16:32:30,0.160949568
2023-11-04 16:32:45,0.16510218
2023-11-04 16:33:00,0.325433934
2023-11-04 16:33:15,0.340980829
2023-11-04 16:33:30,0.333969835
2023-11-04 16:33:45,0.325485116
2023-11-04 16:34:00,0.379469043
2023-11-04 16:34:15,0.172172289
2023-11-04 16:34:30,0.165101795
2023-11-04 16:34:45,0.334355464
2023-11-04 16:35:00,0.382858601
2023-11-04 16:35:15,0.161077693
2023-11-04 16:35:30,0.114443912
2023-11-04 16:35:45,0.31995741
2023-11-04 16:36:00,0.306993447
2023-11-04 16:36:15,0.3093179
2023-11-04 16:36:30,0.308347654
2023-11-04 16:36:45,0.317228158
2023-11-04 16:37:00,0.302312039
2023-11-04 16:37:15,0.287544594
2023-11-04 16:37:30,0.122071398
2023-11-04 16:37:45,0.26277942
2023-11-04 16:38:00,0.291216941
2023-11-04 16:38:15,0.291907487
2023-11-04 16:38:30,0.31158518
2023-11-04 16:38:45,0.293295026
2023-11-04 16:39:00,0.319409235
2023-11-04 16:39:15,0.293741641
2023-11-04 16:39:30,0.30950348
2023-11-04 16:39:45,0.119551931
2023-11-04 16:40:00,0.164311943
2023-11-04 16:40:15,0.283738809
2023-11-04 16:40:30,0.329866141
2023-11-04 16:40:45,0.280307099
2023-11-04 16:41:00,0.328048357
2023-11-04 16:41:15,0.30344556
2023-11-04 16:41:30,0.316911459
2023-11-04 16:41:45,0.283106445
2023-11-04 16:42:00,0.260153941
2023-11-04 16:42:15,0.294544128
2023-11-04 16:42:30,0.129516426
2023-11-04 16:42:45,0.148750897
2023-11-04 16:43:00,0.30968971
2023-11-04 16:43:15,0.321722913
2023-11-04 16:43:30,0.336561255
2023-11-04 16:43:45,0.302767082
2023-11-04 16:44:00,0.345541944
2023-11-04 16:44:15,0.303140939
2023-11-04 16:44:30,0.307203622
2023-11-04 16:44:45,0.318031771
2023-11-04 16:45:00,0.214769743
2023-11-04 16:45:15,0.328630818
2023-11-04 16:45:30,0.319025813
2023-11-04 16:45:45,0.26864775
2023-11-04 16:46:00,0.308047591
2023-11-04 16:46:15,0.294953351
2023-11-04 16:46:30,0.319637367
2023-11-04 16:46:45,0.316619723
2023-11-04 16:47:00,0.32338956
2023-11-04 16:47:15,0.146787337
2023-11-04 16:47:30,0.18119433
2023-11-04 16:47:45,0.312870381
2023-11-04 16:48:00,0.336257804
2023-11-04 16:48:15,0.33307297
2023-11-04 16:48:30,0.295495621
2023-11-04 16:48:45,0.318074022
2023-11-04 16:49:00,0.265031925
2023-11-04 16:49:15,0.313298332
2023-11-04 16:49:30,0.308341511
2023-11-04 16:49:45,0.321200007
2023-11-04 16:50:00,0.324318041
2023-11-04 16:50:15,0.323555351
2023-11-04 16:50:30,0.270560107
2023-11-04 16:50:45,0.319456393
2023-11-04 16:51:00,0.335669389
2023-11-04 16:51:15,0.324054356
2023-11-04 16:51:30,0.16212493
2023-11-04 16:51:45,0.29029779
2023-11-04 16:52:00,0.328563137
2023-11-04 16:52:15,0.148682666
2023-11-04 16:52:30,0.290491301
2023-11-04 16:52:45,0.275384988
2023-11-04 16:53:00,0.307315181
2023-11-04 16:53:15,0.317817524
2023-11-04 16:53:30,0.289811897
2023-11-04 16:53:45,0.265773408
2023-11-04 16:54:00,0.144258787
2023-11-04 16:54:15,0.310518748
2023-11-04 16:54:30,0.274967315
2023-11-04 16:54:45,0.147361299
2023-11-04 16:55:00,0.323036208
2023-11-04 16:55:15,0.31765794
2023-11-04 16:55:30,0.317804036
2023-11-04 16:55:45,0.326424195
2023-11-04 16:56:00,0.306878029
2023-11-04 16:56:15,0.155084651
2023-11-04 16:56:30,0.249350873
2023-11-04 16:56:45,0.214671229
2023-11-04 16:57:00,0
2023-11-04 16:57:15,0.254564873
2023-11-04 16:57:30,0.277057821
2023-11-04 16:57:45,0.144613818
2023-11-04 16:58:00,0.335189385
2023-11-04 16:58:15,0.335250222
2023-11-04 16:58:30,0.333688387
2023-11-04 16:58:45,0.146845253
2023-11-04 16:59:00,0.160543873
2023-11-04 16:59:15,0.315977783
2023-11-04 16:59:30,0.283111036
2023-11-04 16:59:45,0.278169587
2023-11-04 17:00:00,0.318944494
2023-11-04 17:00:15,0.154313538
2023-11-04 17:00:30,0.275388267
2023-11-04 17:00:45,0.312168008
2023-11-04 17:01:00,0.311353984
2023-11-04 17:01:15,0.274733869
2023-11-04 17:01:30,0.303990803
2023-11-04 17:01:45,0.313605145
2023-11-04 17:02:00,0.150550977
2023-11-04 17:02:15,0.160275972
2023-11-04 17:02:30,0.317398879
2023-11-04 17:02:45,0.309954793
2023-11-04 17:03:00,0.162338656
2023-11-04 17:03:15,0.274445023
2023-11-04 17:03:30,0.329290921
2023-11-04 17:03:45,0.321423155
2023-11-04 17:04:00,0.310199144
2023-11-04 17:04:15,0.33190095
2023-11-04 17:04:30,0.172938363
2023-11-04 17:04:45,0.160130587
2023-11-04 17:05:00,0.328891241
2023-11-04 17:05:15,0.318189452
2023-11-04 17:05:30,0.329763449
2023-11-04 17:05:45,0.313945686
2023-11-04 17:06:00,0.321978343
2023-11-04 17:06:15,0.324987854
2023-11-04 17:06:30,0.304842491
2023-11-04 17:06:45,0.306035444
2023-11-04 17:07:00,0.316033682
2023-11-04 17:07:15,0.326793983
2023-11-04 17:07:30,0.162700826
2023-11-04 17:07:45,0.160972392
2023-11-04 17:08:00,0.324979481
2023-11-04 17:08:15,0.337076324
2023-11-04 17:08:30,0.150190617
2023-11-04 17:08:45,0.180776456
2023-11-04 17:09:00,0.273268778
2023-11-04 17:09:15,0.28192019
2023-11-04 17:09:30,0.325017542
2023-11-04 17:09:45,0.319756656
2023-11-04 17:10:00,0.31462948
2023-11-04 17:10:15,0.346154896
2023-11-04 17:10:30,0.308949639
2023-11-04 17:10:45,0.183266545
2023-11-04 17:11:00,0.149680737
2023-11-04 17:11:15,0.301630845
2023-11-04 17:11:30,0.245485789
2023-11-04 17:11:45,0.330954832
2023-11-04 17:12:00,0.274795022
2023-11-04 17:12:15,0.283235473
2023-11-04 17:12:30,0.163660371
2023-11-04 17:12:45,0.169346756
2023-11-04 17:13:00,0.342476082
2023-11-04 17:13:15,0.334297279
2023-11-04 17:13:30,0.343993774
2023-11-04 17:13:45,0.346216992
2023-11-04 17:14:00,0.167902887
2023-11-04 17:14:15,0.262855722
2023-11-04 17:14:30,0.329663117
2023-11-04 17:14:45,0.335648809
2023-11-04 17:15:00,0.329939898
2023-11-04 17:15:15,0.162437582
2023-11-04 17:15:30,0.165043085
2023-11-04 17:15:45,0.275393211
2023-11-04 17:16:00,0.164515552
2023-11-04 17:16:15,0.173253874
2023-11-04 17:16:30,0.329245282
2023-11-04 17:16:45,0.261154683
2023-11-04 17:17:00,0.329061
2023-11-04 17:17:15,0.322321386
2023-11-04 17:17:30,0.259121234
2023-11-04 17:17:45,0.324716205
2023-11-04 17:18:00,0.329927865
2023-11-04 17:18:15,0.340556351
2023-11-04 17:18:30,0.336934879
2023-11-04 17:18:45,0.169822598
2023-11-04 17:19:00,0.161849039
2023-11-04 17:19:15,0.341448014
2023-11-04 17:19:30,0.157764764
2023-11-04 17:19:45,0.172972599
2023-11-04 17:20:00,0.349370509
2023-11-04 17:20:15,0.359106353
2023-11-04 17:20:30,0.34762733
2023-11-04 17:20:45,0.345605665
2023-11-04 17:21:00,0.289508471
2023-11-04 17:21:15,0.334259474
2023-11-04 17:21:30,0.342787534
2023-11-04 17:21:45,0.323829556
2023-11-04 17:22:00,0.17002111
2023-11-04 17:22:15,0.26525633
2023-11-04 17:22:30,0.274961068
2023-11-04 17:22:45,0.168382807
2023-11-04 17:23:00,0.349615214
2023-11-04 17:23:15,0.345175865
2023-11-04 17:23:30,0.290380963
2023-11-04 17:23:45,0.335358191
2023-11-04 17:24:00,0.334744307
2023-11-04 17:24:15,0.331109149
2023-11-04 17:24:30,0.312328357
2023-11-04 17:24:45,0.255266309
2023-11-04 17:25:00,0.156002241
2023-11-04 17:25:15,0.338499729
2023-11-04 17:25:30,0.3543693
2023-11-04 17:25:45,0.158568825
2023-11-04 17:26:00,0.165481964
2023-11-04 17:26:15,0.332286701
2023-11-04 17:26:30,0.283733181
2023-11-04 17:26:45,0.286566973
2023-11-04 17:27:00,0.259866598
2023-11-04 17:27:15,0.318241979
2023-11-04 17:27:30,0.269349871
2023-11-04 17:27:45,0.317997108
2023-11-04 17:28:00,0.177013563
2023-11-04 17:28:15,0.269457844
2023-11-04 17:28:30,0.322455147
2023-11-04 17:28:45,0.333570059
2023-11-04 17:29:00,0.330280718
2023-11-04 17:29:15,0.299056711
2023-11-04 17:29:30,0.309601035
2023-11-04 17:29:45,0.295435706
2023-11-04 17:30:00,0.326392388
2023-11-04 17:30:15,0.3361601
2023-11-04 17:30:30,0.343047464
2023-11-04 17:30:45,0.328134481
2023-11-04 17:31:00,0.167352177
2023-11-04 17:31:15,0.175723311
2023-11-04 17:31:30,0.296611796
2023-11-04 17:31:45,0.323742844
2023-11-04 17:32:00,0.328038672
2023-11-04 17:32:15,0.291470556
2023-11-04 17:32:30,0.170060647
2023-11-04 17:32:45,0.29118854
2023-11-04 17:33:00,0.318839594
2023-11-04 17:33:15,0.279177134
2023-11-04 17:33:30,0.32475129
2023-11-04 17:33:45,0.342059333
2023-11-04 17:34:00,0.167241979
2023-11-04 17:34:15,0.277908509
2023-11-04 17:34:30,0.089809169
2023-11-04 17:34:45,0.103718218
2023-11-04 17:35:00,0.336842481
2023-11-04 17:35:15,0.298493501
2023-11-04 17:35:30,0.326936223
2023-11-04 17:35:45,0.324896525
2023-11-04 17:36:00,0.315307353
2023-11-04 17:36:15,0.337634046
2023-11-04 17:36:30,0.330287698
2023-11-04 17:36:45,0.33733917
2023-11-04 17:37:00,0.278273923
2023-11-04 17:37:15,0.324204048
2023-11-04 17:37:30,0.294186371
2023-11-04 17:37:45,0.165805372
2023-11-04 17:38:00,0.169321654
2023-11-04 17:38:15,0.340177325
2023-11-04 17:38:30,0.161164689
2023-11-04 17:38:45,0.259781404
2023-11-04 17:39:00,0.267217371
2023-11-04 17:39:15,0.275779084
2023-11-04 17:39:30,0.338591122
2023-11-04 17:39:45,0.329725309
2023-11-04 17:40:00,0.324636238
2023-11-04 17:40:15,0.343999159
2023-11-04 17:40:30,0.284014922
2023-11-04 17:40:45,0.326803501
2023-11-04 17:41:00,0.1636883
2023-11-04 17:41:15,0.279344203
2023-11-04 17:41:30,0.34081236
2023-11-04 17:41:45,0.324329107
2023-11-04 17:42:00,0.340088081
2023-11-04 17:42:15,0.333924263
2023-11-04 17:42:30,0.320381047
2023-11-04 17:42:45,0.324507208
2023-11-04 17:43:00,0.34816409
2023-11-04 17:43:15,0.316872065
2023-11-04 17:43:30,0.340183017
2023-11-04 17:43:45,0.172748933
2023-11-04 17:44:00,0.2488915
2023-11-04 17:44:15,0.16979102
2023-11-04 17:44:30,0.276214696
2023-11-04 17:44:45,0.328345355
2023-11-04 17:45:00,0.160659904
2023-11-04 17:45:15,0.16776985
2023-11-04 17:45:30,0.361515073
2023-11-04 17:45:45,0.338873102
2023-11-04 17:46:00,0.325060457
2023-11-04 17:46:15,0.3302763
2023-11-04 17:46:30,0.335120064
2023-11-04 17:46:45,0.31895585
2023-11-04 17:47:00,0.317532199
2023-11-04 17:47:15,0.278671342
2023-11-04 17:47:30,0.164116709
2023-11-04 17:47:45,0.324424344
2023-11-04 17:48:00,0.341789787
2023-11-04 17:48:15,0.338220191
2023-11-04 17:48:30,0.171504436
2023-11-04 17:48:45,0.154214985
2023-11-04 17:49:00,0.329986543
2023-11-04 17:49:15,0.330490893
2023-11-04 17:49:30,0.334493969
2023-11-04 17:49:45,0.328798639
2023-11-04 17:50:00,0.340919969
2023-11-04 17:50:15,0.360599701
2023-11-04 17:50:30,0.340219232
2023-11-04 17:50:45,0.356406433
2023-11-04 17:51:00,0.325003671
2023-11-04 17:51:15,0.335795298
2023-11-04 17:51:30,0.161214858
2023-11-04 17:51:45,0.166770494
2023-11-04 17:52:00,0.309122219
2023-11-04 17:52:15,0.326324815
2023-11-04 17:52:30,0.319716848
2023-11-04 17:52:45,0.31680097
2023-11-04 17:53:00,0.312535294
2023-11-04 17:53:15,0.276182778
2023-11-04 17:53:30,0.313090173
2023-11-04 17:53:45,0.317069228
2023-11-04 17:54:00,0.260691395
2023-11-04 17:54:15,0.323501951
2023-11-04 17:54:30,0.337713114
2023-11-04 17:54:45,0.167298256
2023-11-04 17:55:00,0.331555404
2023-11-04 17:55:15,0.304046573
2023-11-04 17:55:30,0.170863183
2023-11-04 17:55:45,0.26827122
2023-11-04 17:56:00,0.250561532
2023-11-04 17:56:15,0.281157789
2023-11-04 17:56:30,0.21946076
2023-11-04 17:56:45,0
2023-11-04 17:57:00,0.328688586
2023-11-04 17:57:15,0.323303454
2023-11-04 17:57:30,0.284718217
2023-11-04 17:57:45,0.166442343
2023-11-04 17:58:00,0.345710604
2023-11-04 17:58:15,0.322769501
2023-11-04 17:58:30,0.328616383
2023-11-04 17:58:45,0.32632524
2023-11-04 17:59:00,0.337386827
2023-11-04 17:59:15,0.327531246
2023-11-04 17:59:30,0.272651601
2023-11-04 17:59:45,0.155555788
2023-11-04 18:00:00,0.331135158
2023-11-04 18:00:15,0.337166783
2023-11-04 18:00:30,0.320797448
2023-11-04 18:00:45,0.163125306
2023-11-04 18:01:00,0.170688214
2023-11-04 18:01:15,0.332188169
2023-11-04 18:01:30,0.272770688
2023-11-04 18:01:45,0.325328245
2023-11-04 18:02:00,0.281140439
2023-11-04 18:02:15,0.330337323
2023-11-04 18:02:30,0.269459072
2023-11-04 18:02:45,0.168847506
2023-11-04 18:03:00,0.320198283
2023-11-04 18:03:15,0.328634983
2023-11-04 18:03:30,0.277540606
2023-11-04 18:03:45,0.317750487
2023-11-04 18:04:00,0.318353599
2023-11-04 18:04:15,0.336122584
2023-11-04 18:04:30,0.325692512
2023-11-04 18:04:45,0.163355925
2023-11-04 18:05:00,0.252882032
2023-11-04 18:05:15,0.268466432
2023-11-04 18:05:30,0.166026788
2023-11-04 18:05:45,0.31809086
2023-11-04 18:06:00,0.321712985
2023-11-04 18:06:15,0.328705366
2023-11-04 18:06:30,0.28239352
2023-11-04 18:06:45,0.324295753
2023-11-04 18:07:00,0.319192813
2023-11-04 18:07:15,0.327292914
2023-11-04 18:07:30,0.322270859
2023-11-04 18:07:45,0.287352345
2023-11-04 18:08:00,0.323557882
2023-11-04 18:08:15,0.319606857
2023-11-04 18:08:30,0.316065047
2023-11-04 18:08:45,0.331536267
2023-11-04 18:09:00,0.310188625
2023-11-04 18:09:15,0.27930475
2023-11-04 18:09:30,0.339600075
2023-11-04 18:09:45,0.315200557
2023-11-04 18:10:00,0.333684803
2023-11-04 18:10:15,0.170025965
2023-11-04 18:10:30,0.152929715
2023-11-04 18:10:45,0.322593436
2023-11-04 18:11:00,0.274599453
2023-11-04 18:11:15,0.25953905
2023-11-04 18:11:30,0.276207123
2023-11-04 18:11:45,0.331532324
2023-11-04 18:12:00,0.324060259
2023-11-04 18:12:15,0.328668493
2023-11-04 18:12:30,0.1763259
2023-11-04 18:12:45,0.165891851
2023-11-04 18:13:00,0.328045823
2023-11-04 18:13:15,0.318414602
2023-11-04 18:13:30,0.334157761
2023-11-04 18:13:45,0.303510095
2023-11-04 18:14:00,0.322355075
2023-11-04 18:14:15,0.340065372
2023-11-04 18:14:30,0.312341133
2023-11-04 18:14:45,0.273401197
2023-11-04 18:15:00,0.311434492
2023-11-04 18:15:15,0.335986646
2023-11-04 18:15:30,0.325525753
2023-11-04 18:15:45,0.33616518
2023-11-04 18:16:00,0.323829921
2023-11-04 18:16:15,0.322456266
2023-11-04 18:16:30,0.167481543
2023-11-04 18:16:45,0.272243734
2023-11-04 18:17:00,0.268255141
2023-11-04 18:17:15,0.136224824
2023-11-04 18:17:30,0.324443558
2023-11-04 18:17:45,0.323796354
2023-11-04 18:18:00,0.323315749
2023-11-04 18:18:15,0.169724912
2023-11-04 18:18:30,0.166012228
2023-11-04 18:18:45,0.159733774
2023-11-04 18:19:00,0.173142341
2023-11-04 18:19:15,0.299584587
2023-11-04 18:19:30,0.299426201
2023-11-04 18:19:45,0.295978007
2023-11-04 18:20:00,0.298720371
2023-11-04 18:20:15,0.299030422
2023-11-04 18:20:30,0.31616432
2023-11-04 18:20:45,0.321372784
2023-11-04 18:21:00,0.33409265
2023-11-04 18:21:15,0.325693248
2023-11-04 18:21:30,0.331969499
2023-11-04 18:21:45,0.329171908
2023-11-04 18:22:00,0.326083448
2023-11-04 18:22:15,0.323996793
2023-11-04 18:22:30,0.331390384
2023-11-04 18:22:45,0.33977456
2023-11-04 18:23:00,0.338365192
2023-11-04 18:23:15,0.336119671
2023-11-04 18:23:30,0.16582366
2023-11-04 18:23:45,0.166999802
2023-11-04 18:24:00,0.324044132
2023-11-04 18:24:15,0.34277803
2023-11-04 18:24:30,0.329980662
2023-11-04 18:24:45,0.163182992
2023-11-04 18:25:00,0.16812914
2023-11-04 18:25:15,0.336350976
2023-11-04 18:25:30,0.328479873
2023-11-04 18:25:45,0.27549866
2023-11-04 18:26:00,0.117790967
2023-11-04 18:26:15,0.26592942
2023-11-04 18:26:30,0.330777332
2023-11-04 18:26:45,0.329649243
2023-11-04 18:27:00,0.337396337
2023-11-04 18:27:15,0.32927497
2023-11-04 18:27:30,0.331584015
2023-11-04 18:27:45,0.335207783
2023-11-04 18:28:00,0.326826969
2023-11-04 18:28:15,0.333166496
2023-11-04 18:28:30,0.327502003
2023-11-04 18:28:45,0.284324387
2023-11-04 18:29:00,0.329923186
2023-11-04 18:29:15,0.336923196
2023-11-04 18:29:30,0.327130076
2023-11-04 18:29:45,0.325600616
2023-11-04 18:30:00,0.325056459
2023-11-04 18:30:15,0.334931639
2023-11-04 18:30:30,0.340739239
2023-11-04 18:30:45,0.309418298
2023-11-04 18:31:00,0.268499838
2023-11-04 18:31:15,0.309637328
2023-11-04 18:31:30,0.150886724
2023-11-04 18:31:45,0.1565624
2023-11-04 18:32:00,0.306313203
2023-11-04 18:32:15,0.156853346
2023-11-04 18:32:30,0.15017497
2023-11-04 18:32:45,0.314026373
2023-11-04 18:33:00,0.156954206
2023-11-04 18:33:15,0.15644964
2023-11-04 18:33:30,0.326907791
2023-11-04 18:33:45,0.151020618
2023-11-04 18:34:00,0.16153865
2023-11-04 18:34:15,0.314817849
2023-11-04 18:34:30,0.310202332
2023-11-04 18:34:45,0.327705927
2023-11-04 18:35:00,0.164694689
2023-11-04 18:35:15,0.124382824
2023-11-04 18:35:30,0.676154245
2023-11-04 18:35:45,1.05505294
2023-11-04 18:36:00,1.121021224
2023-11-04 18:36:15,0.521175666
2023-11-04 18:36:30,0.869293014
2023-11-04 18:36:45,1.096654159
2023-11-04 18:37:00,1.066641267
2023-11-04 18:37:15,1.110112095
2023-11-04 18:37:30,0.956335431
2023-11-04 18:37:45,1.101920987
2023-11-04 18:38:00,0.982749085
2023-11-04 18:38:15,0.967955858
2023-11-04 18:38:30,0.96588542
2023-11-04 18:38:45,0.399419272
2023-11-04 18:39:00,0.577480161
2023-11-04 18:39:15,1.115231636
2023-11-04 18:39:30,1.080427939
2023-11-04 18:39:45,1.092931408
2023-11-04 18:40:00,1.124406663
2023-11-04 18:40:15,0.953248895
2023-11-04 18:40:30,1.080183252
2023-11-04 18:40:45,0.341334849
2023-11-04 18:41:00,0.71750291
2023-11-04 18:41:15,1.087427123
2023-11-04 18:41:30,1.079318469
2023-11-04 18:41:45,1.094092585
2023-11-04 18:42:00,1.113105718
2023-11-04 18:42:15,1.077737155
2023-11-04 18:42:30,1.089042819
2023-11-04 18:42:45,1.095041998
2023-11-04 18:43:00,1.077692996
2023-11-04 18:43:15,1.093166106
2023-11-04 18:43:30,1.140387477
2023-11-04 18:43:45,0.576154458
2023-11-04 18:44:00,0.939197486
2023-11-04 18:44:15,0.96462306
2023-11-04 18:44:30,0.570328183
2023-11-04 18:44:45,1.144848542
2023-11-04 18:45:00,1.138277995
2023-11-04 18:45:15,0.55543117
2023-11-04 18:45:30,0.908300519
2023-11-04 18:45:45,0.899591303
2023-11-04 18:46:00,0.559962949
2023-11-04 18:46:15,0.557995415
2023-11-04 18:46:30,0.544565084
2023-11-04 18:46:45,1.122162505
2023-11-04 18:47:00,1.132691789
2023-11-04 18:47:15,1.111128422
2023-11-04 18:47:30,1.095810387
2023-11-04 18:47:45,0.564254585
2023-11-04 18:48:00,0.565627824
2023-11-04 18:48:15,1.125343015
2023-11-04 18:48:30,1.095434697
2023-11-04 18:48:45,1.142593878
2023-11-04 18:49:00,1.128238836
2023-11-04 18:49:15,0.997383196
2023-11-04 18:49:30,1.071066549
2023-11-04 18:49:45,1.09026153
2023-11-04 18:50:00,1.124648223
2023-11-04 18:50:15,0.968593836
2023-11-04 18:50:30,1.082701307
2023-11-04 18:50:45,1.068116501
2023-11-04 18:51:00,1.102213317
2023-11-04 18:51:15,1.063868244
2023-11-04 18:51:30,1.117530339
2023-11-04 18:51:45,0.970534464
2023-11-04 18:52:00,1.132896536
2023-11-04 18:52:15,1.117198037
2023-11-04 18:52:30,1.131947273
2023-11-04 18:52:45,0.972881663
2023-11-04 18:53:00,1.140118727
2023-11-04 18:53:15,0.910501756
2023-11-04 18:53:30,0.56850252
2023-11-04 18:53:45,0.57137138
2023-11-04 18:54:00,0.738498923
2023-11-04 18:54:15,0.93055814
2023-11-04 18:54:30,1.12087931
2023-11-04 18:54:45,0.79536611
2023-11-04 18:55:00,1.123828836
2023-11-04 18:55:15,1.111907876
2023-11-04 18:55:30,1.128567667
2023-11-04 18:55:45,1.113788582
2023-11-04 18:56:00,1.076730067
2023-11-04 18:56:15,1.057185339
2023-11-04 18:56:30,1.065652507
2023-11-04 18:56:45,1.078418778
2023-11-04 18:57:00,0.530225681
2023-11-04 18:57:15,0.547643992
2023-11-04 18:57:30,1.073368926
2023-11-04 18:57:45,1.087069312
2023-11-04 18:58:00,1.097048451
2023-11-04 18:58:15,1.055159485
2023-11-04 18:58:30,0.522868958
2023-11-04 18:58:45,0.542813495
2023-11-04 18:59:00,1.089215656
2023-11-04 18:59:15,0.918932813
2023-11-04 18:59:30,0.52537371
2023-11-04 18:59:45,1.083676692
2023-11-04 19:00:00,0.934236654
2023-11-04 19:00:15,0.998706556
2023-11-04 19:00:30,0.918533194
2023-11-04 19:00:45,0.950151357
2023-11-04 19:01:00,0.351652299
2023-11-04 19:01:15,0.470542636
2023-11-04 19:01:30,0.94779021
2023-11-04 19:01:45,1.013500119
2023-11-04 19:02:00,1.020197604
2023-11-04 19:02:15,0.813186093
2023-11-04 19:02:30,0.499225472
2023-11-04 19:02:45,1.01580823
2023-11-04 19:03:00,1.028827354
2023-11-04 19:03:15,1.019471208
2023-11-04 19:03:30,0.828990291
2023-11-04 19:03:45,0.890515139
2023-11-04 19:04:00,1.050621129
2023-11-04 19:04:15,0.999896572
2023-11-04 19:04:30,0.796375778
2023-11-04 19:04:45,0.866817028
2023-11-04 19:05:00,1.054901098
2023-11-04 19:05:15,1.0129497
2023-11-04 19:05:30,1.00410609
2023-11-04 19:05:45,1.013280723
2023-11-04 19:06:00,1.032086051
2023-11-04 19:06:15,0.867569842
2023-11-04 19:06:30,0.496404816
2023-11-04 19:06:45,0.833799905
2023-11-04 19:07:00,1.039366079
2023-11-04 19:07:15,1.061997749
2023-11-04 19:07:30,1.028697906
2023-11-04 19:07:45,0.526476545
2023-11-04 19:08:00,0.875013807
2023-11-04 19:08:15,1.058482806
2023-11-04 19:08:30,1.061081386
2023-11-04 19:08:45,1.061028257
2023-11-04 19:09:00,0
2023-11-04 19:09:15,0.28523284
2023-11-04 19:09:30,1.078608368
2023-11-04 19:09:45,1.074735382
2023-11-04 19:10:00,1.04419051
2023-11-04 19:10:15,0.753289578
2023-11-04 19:10:30,0.982787571
2023-11-04 19:10:45,0.907284241
2023-11-04 19:11:00,0.523828193
2023-11-04 19:11:15,0.825229638
2023-11-04 19:11:30,0.522644969
2023-11-04 19:11:45,0.527866761
2023-11-04 19:12:00,0.878881565
2023-11-04 19:12:15,1.071130846
2023-11-04 19:12:30,1.06360136
2023-11-04 19:12:45,0.893467822
2023-11-04 19:13:00,0.514073282
2023-11-04 19:13:15,1.034411265
2023-11-04 19:13:30,1.065143019
2023-11-04 19:13:45,1.084401703
2023-11-04 19:14:00,1.104274475
2023-11-04 19:14:15,0.540814363
2023-11-04 19:14:30,0.532594028
2023-11-04 19:14:45,1.092876431
2023-11-04 19:15:00,1.05040938
2023-11-04 19:15:15,1.03305211
2023-11-04 19:15:30,0.503309899
2023-11-04 19:15:45,0.508123755
2023-11-04 19:16:00,1.030829085
2023-11-04 19:16:15,0.830476667
2023-11-04 19:16:30,0.48794939
2023-11-04 19:16:45,1.014875525
2023-11-04 19:17:00,1.025804821
2023-11-04 19:17:15,1.019640135
2023-11-04 19:17:30,0.50705333
2023-11-04 19:17:45,0.89179867
2023-11-04 19:18:00,1.038616428
2023-11-04 19:18:15,0.892320089
2023-11-04 19:18:30,1.034665793
2023-11-04 19:18:45,0.526542122
2023-11-04 19:19:00,0.518841813
2023-11-04 19:19:15,1.036004196
2023-11-04 19:19:30,1.007283533
2023-11-04 19:19:45,1.019129389
2023-11-04 19:20:00,1.034801615
2023-11-04 19:20:15,1.024602667
2023-11-04 19:20:30,1.014670537
2023-11-04 19:20:45,0.365393986
2023-11-04 19:21:00,0.517629426
2023-11-04 19:21:15,1.010604266
2023-11-04 19:21:30,0.630484999
2023-11-04 19:21:45,0.839218855
2023-11-04 19:22:00,1.008042759
2023-11-04 19:22:15,0.50832798
2023-11-04 19:22:30,0.496116729
2023-11-04 19:22:45,1.008369027
2023-11-04 19:23:00,1.016245114
2023-11-04 19:23:15,1.035867948
2023-11-04 19:23:30,0.907634673
2023-11-04 19:23:45,1.058542452
2023-11-04 19:24:00,1.047786257
2023-11-04 19:24:15,0.913900688
2023-11-04 19:24:30,1.050464628
2023-11-04 19:24:45,1.077892232
2023-11-04 19:25:00,0.534027041
2023-11-04 19:25:15,0.537973037
2023-11-04 19:25:30,0.973460109
2023-11-04 19:25:45,1.049011113
2023-11-04 19:26:00,1.052419312
2023-11-04 19:26:15,1.047040434
2023-11-04 19:26:30,1.022835113
2023-11-04 19:26:45,1.057169473
2023-11-04 19:27:00,0.542464677
2023-11-04 19:27:15,0.900329055
2023-11-04 19:27:30,1.056031207
2023-11-04 19:27:45,0.359762427
2023-11-04 19:28:00,0.534867963
2023-11-04 19:28:15,1.055175355
2023-11-04 19:28:30,1.035942465
2023-11-04 19:28:45,1.070655063
2023-11-04 19:29:00,1.078978207
2023-11-04 19:29:15,1.071888739
2023-11-04 19:29:30,1.034624662
2023-11-04 19:29:45,1.04905181
2023-11-04 19:30:00,1.082495459
2023-11-04 19:30:15,1.038624733
2023-11-04 19:30:30,1.014194228
2023-11-04 19:30:45,1.027670244
2023-11-04 19:31:00,0.879312477
2023-11-04 19:31:15,1.011443753
2023-11-04 19:31:30,0.382099554
2023-11-04 19:31:45,0.862232248
2023-11-04 19:32:00,0.909243722
2023-11-04 19:32:15,0.532587231
2023-11-04 19:32:30,0.523157088
2023-11-04 19:32:45,1.064323869
2023-11-04 19:33:00,0.333765906
2023-11-04 19:33:15,0
2023-11-04 19:33:30,1.067575601
2023-11-04 19:33:45,1.107378178
2023-11-04 19:34:00,1.080444077
2023-11-04 19:34:15,1.041097456
2023-11-04 19:34:30,1.032090451
2023-11-04 19:34:45,1.091301491
2023-11-04 19:35:00,1.098073928
2023-11-04 19:35:15,0.532952584
2023-11-04 19:35:30,0.897082658
2023-11-04 19:35:45,1.072838392
2023-11-04 19:36:00,1.091462617
2023-11-04 19:36:15,1.053109177
2023-11-04 19:36:30,0.946657114
2023-11-04 19:36:45,0.545458894
2023-11-04 19:37:00,0.884819955
2023-11-04 19:37:15,1.084862104
2023-11-04 19:37:30,1.07759939
2023-11-04 19:37:45,0.945790752
2023-11-04 19:38:00,1.126314896
2023-11-04 19:38:15,1.104819016
2023-11-04 19:38:30,1.011383131
2023-11-04 19:38:45,1.145184929
2023-11-04 19:39:00,1.079689049
2023-11-04 19:39:15,0.986995456
2023-11-04 19:39:30,1.111953876
2023-11-04 19:39:45,0.549118457
2023-11-04 19:40:00,0.384622528
2023-11-04 19:40:15,0.527277723
2023-11-04 19:40:30,1.001896912
2023-11-04 19:40:45,0.903823668
2023-11-04 19:41:00,1.044136766
2023-11-04 19:41:15,1.040672415
2023-11-04 19:41:30,1.029417854
2023-11-04 19:41:45,0.516430726
2023-11-04 19:42:00,0.516679993
2023-11-04 19:42:15,1.035567302
2023-11-04 19:42:30,1.042169204
2023-11-04 19:42:45,1.088070293
2023-11-04 19:43:00,1.081366625
2023-11-04 19:43:15,1.063297014
2023-11-04 19:43:30,1.058932441
2023-11-04 19:43:45,1.080041965
2023-11-04 19:44:00,0.537647597
2023-11-04 19:44:15,0
2023-11-04 19:44:30,0.51271452
2023-11-04 19:44:45,1.052865017
2023-11-04 19:45:00,1.052165997
2023-11-04 19:45:15,1.04631409
2023-11-04 19:45:30,0.99097159
2023-11-04 19:45:45,1.047598404
2023-11-04 19:46:00,0.858411381
2023-11-04 19:46:15,0.363534035
2023-11-04 19:46:30,0.519939878
2023-11-04 19:46:45,0.937761521
2023-11-04 19:47:00,1.093879345
2023-11-04 19:47:15,1.062524673
2023-11-04 19:47:30,1.054791107
2023-11-04 19:47:45,1.091297361
2023-11-04 19:48:00,1.076067217
2023-11-04 19:48:15,0.521469641
2023-11-04 19:48:30,0
2023-11-04 19:48:45,0.912472821
2023-11-04 19:49:00,1.09111359
2023-11-04 19:49:15,0.53754369
2023-11-04 19:49:30,0.522328538
2023-11-04 19:49:45,1.082957214
2023-11-04 19:50:00,0.968366392
2023-11-04 19:50:15,0.973342531
2023-11-04 19:50:30,0.930312926
2023-11-04 19:50:45,0.859008682
2023-11-04 19:51:00,1.059089295
2023-11-04 19:51:15,1.052747798
2023-11-04 19:51:30,1.058204597
2023-11-04 19:51:45,0.546887796
2023-11-04 19:52:00,0.88937636
2023-11-04 19:52:15,0.997681162
2023-11-04 19:52:30,1.182538556
2023-11-04 19:52:45,1.094488323
2023-11-04 19:53:00,1.069382357
2023-11-04 19:53:15,1.047363307
2023-11-04 19:53:30,1.045530898
2023-11-04 19:53:45,0.93441215
2023-11-04 19:54:00,1.079258673
2023-11-04 19:54:15,0.850040107
2023-11-04 19:54:30,0.376585178
2023-11-04 19:54:45,0.115396036
2023-11-04 19:55:00,0.258096659
2023-11-04 19:55:15,0.299708532
2023-11-04 19:55:30,0.163795134
2023-11-04 19:55:45,0.343469646
2023-11-04 19:56:00,0.33982325
2023-11-04 19:56:15,0.330859816
2023-11-04 19:56:30,0.277561021
2023-11-04 19:56:45,0.318446188
2023-11-04 19:57:00,0.326711955
2023-11-04 19:57:15,0.291089729
2023-11-04 19:57:30,0.164885795
2023-11-04 19:57:45,0.219311358
2023-11-04 19:58:00,0.259916444
2023-11-04 19:58:15,0.263430484
2023-11-04 19:58:30,0.260828966
2023-11-04 19:58:45,0.158277687
2023-11-04 19:59:00,0.320290574
2023-11-04 19:59:15,0.273104466
2023-11-04 19:59:30,0.15882543
2023-11-04 19:59:45,0.325876472
2023-11-04 20:00:00,0.326716067
2023-11-04 20:00:15,0.339515372
2023-11-04 20:00:30,0.330476931
2023-11-04 20:00:45,0.33111259
2023-11-04 20:01:00,0.328861531
2023-11-04 20:01:15,0.343100507
2023-11-04 20:01:30,0.158612402
2023-11-04 20:01:45,0.274436258
2023-11-04 20:02:00,0.319928497
2023-11-04 20:02:15,0.327273937
2023-11-04 20:02:30,0.31581562
2023-11-04 20:02:45,0.286797913
2023-11-04 20:03:00,0.326978234
2023-11-04 20:03:15,0.257449552
2023-11-04 20:03:30,0.157233386
2023-11-04 20:03:45,0.279300281
2023-11-04 20:04:00,0.319100872
2023-11-04 20:04:15,0.321025257
2023-11-04 20:04:30,0.156597048
2023-11-04 20:04:45,0.156275628
2023-11-04 20:05:00,0.307802406
2023-11-04 20:05:15,0.317815435
2023-11-04 20:05:30,0.313213804
2023-11-04 20:05:45,0.305816987
2023-11-04 20:06:00,0.159306864
2023-11-04 20:06:30,0.159905826
2023-11-04 20:06:45,0.331543195
2023-11-04 20:07:00,0.316752789
2023-11-04 20:07:15,0.33104393
2023-11-04 20:07:30,0.321783477
2023-11-04 20:07:45,0.322146031
2023-11-04 20:08:00,0.320394973
2023-11-04 20:08:15,0.262890225
2023-11-04 20:08:30,0.262545342
2023-11-04 20:08:45,0.162231436
2023-11-04 20:09:00,0.160177208
2023-11-04 20:09:15,0.322769446
2023-11-04 20:09:30,0.15848432
2023-11-04 20:09:45,0.247534036
2023-11-04 20:10:00,0.264109682
2023-11-04 20:10:15,0.278292522
2023-11-04 20:10:30,0.214030652
2023-11-04 20:10:45,0.112923601
2023-11-04 20:11:00,0.321479206
2023-11-04 20:11:15,0.280129484
2023-11-04 20:11:30,0.319363844
2023-11-04 20:11:45,0.164058638
2023-11-04 20:12:00,0.324899484
2023-11-04 20:12:15,0.290657612
2023-11-04 20:12:30,0.279971153
2023-11-04 20:12:45,0.323823612
2023-11-04 20:13:00,0.32370928
2023-11-04 20:13:15,0.321495921
2023-11-04 20:13:30,0.250250707
2023-11-04 20:13:45,0.162988433
2023-11-04 20:14:00,0.332683051
2023-11-04 20:14:15,0.331988888
2023-11-04 20:14:30,0.325258936
2023-11-04 20:14:45,0.335873265
2023-11-04 20:15:00,0.316212701
2023-11-04 20:15:15,0.166778032
2023-11-04 20:15:30,0.278239722
2023-11-04 20:15:45,0.335761046
2023-11-04 20:16:00,0.33247198
2023-11-04 20:16:15,0.168404948
2023-11-04 20:16:30,0.164463966
2023-11-04 20:16:45,0.327628494
2023-11-04 20:17:00,0.325992626
2023-11-04 20:17:15,0.169062742
2023-11-04 20:17:30,0.257150006
2023-11-04 20:17:45,0.319399411
2023-11-04 20:18:00,0.244099104
2023-11-04 20:18:15,0.336671713
2023-11-04 20:18:30,0.170121289
2023-11-04 20:18:45,0.270711143
2023-11-04 20:19:00,0.32526378
2023-11-04 20:19:15,0.326152992
2023-11-04 20:19:30,0.332644227
2023-11-04 20:19:45,0.267717722
2023-11-04 20:20:00,0.116483561
2023-11-04 20:20:15,0.337010723
2023-11-04 20:20:30,0.342377896
2023-11-04 20:20:45,0.326963036
2023-11-04 20:21:00,0.288104153
2023-11-04 20:21:15,0.325657186
2023-11-04 20:21:30,0.163264542
2023-11-04 20:21:45,0.21236378
2023-11-04 20:22:00,0.276116277
2023-11-04 20:22:15,0.164155869
2023-11-04 20:22:30,0.316938441
2023-11-04 20:22:45,0.325187333
2023-11-04 20:23:00,0.319453766
2023-11-04 20:23:15,0.337795232
2023-11-04 20:23:30,0
2023-11-04 20:23:45,0
2023-11-04 20:24:00,0.344437172
2023-11-04 20:24:15,0.270073125
2023-11-04 20:24:30,0.155392293
2023-11-04 20:24:45,0.330745137
2023-11-04 20:25:00,0.326293042
2023-11-04 20:25:15,0.282349334
2023-11-04 20:25:30,0.317883918
2023-11-04 20:25:45,0.113816662
2023-11-04 20:26:00,0.154666737
2023-11-04 20:26:15,0.3119452
2023-11-04 20:26:30,0.277729464
2023-11-04 20:26:45,0.308496272
2023-11-04 20:27:00,0.31777812
2023-11-04 20:27:15,0.327386201
2023-11-04 20:27:30,0.280420982
2023-11-04 20:27:45,0.157180866
2023-11-04 20:28:00,0.155871867
2023-11-04 20:28:15,0.316422186
2023-11-04 20:28:30,0.322451226
2023-11-04 20:28:45,0.301084495
2023-11-04 20:29:00,0.321057564
2023-11-04 20:29:15,0.31559832
2023-11-04 20:29:30,0.155381314
2023-11-04 20:29:45,0.116524185
2023-11-04 20:30:00,0.320207975
2023-11-04 20:30:15,0.278837776
2023-11-04 20:30:30,0.32260454
2023-11-04 20:30:45,0.298481342
2023-11-04 20:31:00,0.283329573
2023-11-04 20:31:15,0.276834831
2023-11-04 20:31:30,0.327294129
2023-11-04 20:31:45,0.167150261
2023-11-04 20:32:00,0.269466562
2023-11-04 20:32:15,0.332623408
2023-11-04 20:32:30,0.156773043
2023-11-04 20:32:45,0.321079675
2023-11-04 20:33:00,0.324008539
2023-11-04 20:33:15,0.324409161
2023-11-04 20:33:30,0.285683399
2023-11-04 20:33:45,0.314978075
2023-11-04 20:34:00,0.279011881
2023-11-04 20:34:15,0.164978821
2023-11-04 20:34:30,0.157279375
2023-11-04 20:34:45,0.320293973
2023-11-04 20:35:00,0.15878874
2023-11-04 20:35:15,0.174379704
2023-11-04 20:35:30,0.327713933
2023-11-04 20:35:45,0.320349614
2023-11-04 20:36:00,0.33350053
2023-11-04 20:36:15,0.331349869
2023-11-04 20:36:30,0.346385737
2023-11-04 20:36:45,0.322170012
2023-11-04 20:37:00,0.330661975
2023-11-04 20:37:15,0.165850833
2023-11-04 20:37:30,0.16592858
2023-11-04 20:37:45,0.314977789
2023-11-04 20:38:00,0.329532968
2023-11-04 20:38:15,0.33239512
2023-11-04 20:38:30,0.284013122
2023-11-04 20:38:45,0.32527511
2023-11-04 20:39:00,0.328096616
2023-11-04 20:39:15,0.330914876
2023-11-04 20:39:30,0.321501586
2023-11-04 20:39:45,0.326716629
2023-11-04 20:40:00,0.32624369
2023-11-04 20:40:15,0.375435248
2023-11-04 20:40:30,0.284870882
2023-11-04 20:40:45,0.330369843
2023-11-04 20:41:00,0.324297822
2023-11-04 20:41:15,0.329096215
2023-11-04 20:41:30,0.322237984
2023-11-04 20:41:45,0.336444931
2023-11-04 20:42:00,0.324207643
2023-11-04 20:42:15,0.331597338
2023-11-04 20:42:30,0.272948336
2023-11-04 20:42:45,0.326656846
2023-11-04 20:43:00,0.338440533
2023-11-04 20:43:15,0.320817039
2023-11-04 20:43:30,0.325699001
2023-11-04 20:43:45,0.271534289
2023-11-04 20:44:00,0.326237865
2023-11-04 20:44:15,0.27965888
2023-11-04 20:44:30,0.171037654
2023-11-04 20:44:45,0.341172334
2023-11-04 20:45:00,0.330336449
2023-11-04 20:45:15,0.340061931
2023-11-04 20:45:30,0.284292682
2023-11-04 20:45:45,0.160012313
2023-11-04 20:46:00,0.325971083
2023-11-04 20:46:15,0.332883003
2023-11-04 20:46:30,0.340664985
2023-11-04 20:46:45,0.328531677
2023-11-04 20:47:00,0.32317504
2023-11-04 20:47:15,0.325649397
2023-11-04 20:47:30,0.166982036
2023-11-04 20:47:45,0.160225532
2023-11-04 20:48:00,0.328028899
2023-11-04 20:48:15,0.327371063
2023-11-04 20:48:30,0.323819225
2023-11-04 20:48:45,0.314068512
2023-11-04 20:49:00,0.331122545
2023-11-04 20:49:15,0.329357341
2023-11-04 20:49:30,0.326413855
2023-11-04 20:49:45,0.162727485
2023-11-04 20:50:00,0.166182288
2023-11-04 20:50:15,0.345130905
2023-11-04 20:50:30,0.326527682
2023-11-04 20:50:45,0.3154833
2023-11-04 20:51:00,0.276951123
2023-11-04 20:51:15,0.321784797
2023-11-04 20:51:30,0.322639373
2023-11-04 20:51:45,0.285040405
2023-11-04 20:52:00,0.330744152
2023-11-04 20:52:15,0.342273673
2023-11-04 20:52:30,0.287461237
2023-11-04 20:52:45,0.298026536
2023-11-04 20:53:00,0.163506306
2023-11-04 20:53:15,0.280061889
2023-11-04 20:53:30,0.262443171
2023-11-04 20:53:45,0.166102617
2023-11-04 20:54:00,0.326967314
2023-11-04 20:54:15,0.162908748
2023-11-04 20:54:30,0.164708241
2023-11-04 20:54:45,0.335503342
2023-11-04 20:55:00,0.110535133
2023-11-04 20:55:15,0.113602436
2023-11-04 20:55:30,0.34149431
2023-11-04 20:55:45,0.328376767
2023-11-04 20:56:00,0.281752812
2023-11-04 20:56:15,0.161779084
2023-11-04 20:56:30,0.284281465
2023-11-04 20:56:45,0.326960819
2023-11-04 20:57:00,0.317823595
2023-11-04 20:57:15,0.306113044
2023-11-04 20:57:30,0.148607812
2023-11-04 20:57:45,0.168882017
2023-11-04 20:58:00,0.315972186
2023-11-04 20:58:15,0.307292794
2023-11-04 20:58:30,0.316854164
2023-11-04 20:58:45,0.260663513
2023-11-04 20:59:00,0.166541609
2023-11-04 20:59:15,0.342407267
2023-11-04 20:59:30,0.328264513
2023-11-04 20:59:45,0.329433834
2023-11-04 21:00:00,0.3292409
2023-11-04 21:00:15,0.331502023
2023-11-04 21:00:30,0.348895901
2023-11-04 21:00:45,0.33321412
2023-11-04 21:01:00,0.33408327
2023-11-04 21:01:15,0.335136563
2023-11-04 21:01:30,0.28850068
2023-11-04 21:01:45,0.331261872
2023-11-04 21:02:00,0.346692274
2023-11-04 21:02:15,0.352130687
2023-11-04 21:02:30,0.319950627
2023-11-04 21:02:45,0.276947293
2023-11-04 21:03:00,0.158442408
2023-11-04 21:03:15,0.139107712
2023-11-04 21:03:30,0.246617963
2023-11-04 21:03:45,0.291874821
2023-11-04 21:04:00,0.297389845
2023-11-04 21:04:15,0.267445102
2023-11-04 21:04:30,0.150366634
2023-11-04 21:04:45,0.305369847
2023-11-04 21:05:00,0.313492621
2023-11-04 21:05:15,0.337241846
2023-11-04 21:05:30,0.295005554
2023-11-04 21:05:45,0.321394124
2023-11-04 21:06:00,0.337544429
2023-11-04 21:06:15,0.289078417
2023-11-04 21:06:30,0.32221662
2023-11-04 21:06:45,0.319459273
2023-11-04 21:07:00,0.32384919
2023-11-04 21:07:15,0.272705008
2023-11-04 21:07:30,0.154630274
2023-11-04 21:07:45,0.25294037
2023-11-04 21:08:00,0.331184506
2023-11-04 21:08:15,0.325107721
2023-11-04 21:08:30,0.327290666
2023-11-04 21:08:45,0.332966527
2023-11-04 21:09:00,0.301441594
2023-11-04 21:09:15,0.164084523
2023-11-04 21:09:30,0.302976512
2023-11-04 21:09:45,0.298313214
2023-11-04 21:10:00,0.330264932
2023-11-04 21:10:15,0.327034338
2023-11-04 21:10:30,0.330395496
2023-11-04 21:10:45,0.271598565
2023-11-04 21:11:00,0.325561177
2023-11-04 21:11:15,0.327368134
2023-11-04 21:11:30,0.275691533
2023-11-04 21:11:45,0.325078887
2023-11-04 21:12:00,0.253901226
2023-11-04 21:12:15,0.1792878
2023-11-04 21:12:30,0.33081239
2023-11-04 21:12:45,0.326138041
2023-11-04 21:13:00,0.325019404
2023-11-04 21:13:15,0.289449568
2023-11-04 21:13:30,0.280853982
2023-11-04 21:13:45,0.326203117
2023-11-04 21:14:00,0.323611914
2023-11-04 21:14:15,0.349043209
2023-11-04 21:14:30,0.331205469
2023-11-04 21:14:45,0.313056998
2023-11-04 21:15:00,0.32925941
2023-11-04 21:15:15,0
2023-11-04 21:15:30,0
2023-11-04 21:15:45,0.329037126
2023-11-04 21:16:00,0.290711605
2023-11-04 21:16:15,0.160669581
2023-11-04 21:16:30,0.307940901
2023-11-04 21:16:45,0.291325639
2023-11-04 21:17:00,0.31335278
2023-11-04 21:17:15,0.309226
2023-11-04 21:17:30,0.330566746
2023-11-04 21:17:45,0.314018035
2023-11-04 21:18:00,0.309509026
2023-11-04 21:18:15,0.330680054
2023-11-04 21:18:30,0.273661787
2023-11-04 21:18:45,0.246144643
2023-11-04 21:19:00,0.163938171
2023-11-04 21:19:15,0.328952954
2023-11-04 21:19:30,0.287038282
2023-11-04 21:19:45,0.311503751
2023-11-04 21:20:00,0.160119792
2023-11-04 21:20:15,0.285865573
2023-11-04 21:20:30,0.25893489
2023-11-04 21:20:45,0.122685576
2023-11-04 21:21:00,0.286331045
2023-11-04 21:21:15,0.321263141
2023-11-04 21:21:30,0.323445953
2023-11-04 21:21:45,0.334153613
2023-11-04 21:22:00,0.312366021
2023-11-04 21:22:15,0.159435259
2023-11-04 21:22:30,0.127768307
2023-11-04 21:22:45,0.324517676
2023-11-04 21:23:00,0.316959424
2023-11-04 21:23:15,0.311946483
2023-11-04 21:23:30,0.258221532
2023-11-04 21:23:45,0.114950693
2023-11-04 21:24:00,0.326657922
2023-11-04 21:24:15,0.264442318
2023-11-04 21:24:30,0.2217686
2023-11-04 21:24:45,0.262695024
2023-11-04 21:25:00,0.155899394
2023-11-04 21:25:15,0.324945693
2023-11-04 21:25:30,0.31991898
2023-11-04 21:25:45,0.33196154
2023-11-04 21:26:00,0.320142856
2023-11-04 21:26:15,0.322413662
2023-11-04 21:26:30,0.328764209
2023-11-04 21:26:45,0.333677484
2023-11-04 21:27:00,0.330588483
2023-11-04 21:27:15,0.340663348
2023-11-04 21:27:30,0.334315772
2023-11-04 21:27:45,0.329841198
2023-11-04 21:28:00,0.171872774
2023-11-04 21:28:15,0.164661578
2023-11-04 21:28:30,0.327182361
2023-11-04 21:28:45,0.322740356
2023-11-04 21:29:00,0.317606103
2023-11-04 21:29:15,0.338888886
2023-11-04 21:29:30,0.306149099
2023-11-04 21:29:45,0.330252559
2023-11-04 21:30:00,0.322771156
2023-11-04 21:30:15,0.345100209
2023-11-04 21:30:30,0.322359303
2023-11-04 21:30:45,0.156730069
2023-11-04 21:31:00,0.160956076
2023-11-04 21:31:15,0.310434753
2023-11-04 21:31:30,0.318457011
2023-11-04 21:31:45,0.315204262
2023-11-04 21:32:00,0.267079904
2023-11-04 21:32:15,0.333007291
2023-11-04 21:32:30,0.281226052
2023-11-04 21:32:45,0.177047084
2023-11-04 21:33:00,0.159755851
2023-11-04 21:33:15,0.328966761
2023-11-04 21:33:30,0.266488197
2023-11-04 21:33:45,0.172258689
2023-11-04 21:34:00,0.317346607
2023-11-04 21:34:15,0.261953182
2023-11-04 21:34:30,0
2023-11-04 21:34:45,0.166367729
2023-11-04 21:35:00,0.326357799
2023-11-04 21:35:15,0.340887995
2023-11-04 21:35:30,0.333445809
2023-11-04 21:35:45,0.162372712
2023-11-04 21:36:00,0.278200774
2023-11-04 21:36:15,0.289105122
2023-11-04 21:36:30,0.278617988
2023-11-04 21:36:45,0.315692305
2023-11-04 21:37:00,0.164345647
2023-11-04 21:37:15,0.123528082
2023-11-04 21:37:30,0.321897987
2023-11-04 21:37:45,0.207056766
2023-11-04 21:38:00,0.165305163
2023-11-04 21:38:15,0.314099674
2023-11-04 21:38:30,0.268879149
2023-11-04 21:38:45,0.317246721
2023-11-04 21:39:00,0.313808519
2023-11-04 21:39:15,0.331126298
2023-11-04 21:39:30,0.322856216
2023-11-04 21:39:45,0.161969994
2023-11-04 21:40:00,0.260337876
2023-11-04 21:40:15,0.315953865
2023-11-04 21:40:30,0.295714577
2023-11-04 21:40:45,0.303021666
2023-11-04 21:41:00,0.158981906
2023-11-04 21:41:15,0
2023-11-04 21:41:30,0.253007391
2023-11-04 21:41:45,0.303988779
2023-11-04 21:42:00,0.308660745
2023-11-04 21:42:15,0.333069844
2023-11-04 21:42:30,0.3027862
2023-11-04 21:42:45,0.300610499
2023-11-04 21:43:00,0.150676073
2023-11-04 21:43:15,0.278932137
2023-11-04 21:43:30,0.319217437
2023-11-04 21:43:45,0
2023-11-04 21:44:00,0.113287546
2023-11-04 21:44:15,0.336869324
2023-11-04 21:44:30,0.329954297
2023-11-04 21:44:45,0.270148391
2023-11-04 21:45:00,0.113788564
2023-11-04 21:45:15,0.161124155
2023-11-04 21:45:30,0.16286561
2023-11-04 21:45:45,0.318045487
2023-11-04 21:46:00,0.285141504
2023-11-04 21:46:15,0.15711693
2023-11-04 21:46:30,0.154363856
2023-11-04 21:46:45,0.26561888
2023-11-04 21:47:00,0.309548376
2023-11-04 21:47:15,0.313585329
2023-11-04 21:47:30,0.306479148
2023-11-04 21:47:45,0.150808191
2023-11-04 21:48:00,0.309394212
2023-11-04 21:48:15,0.27584961
2023-11-04 21:48:30,0.146526659
2023-11-04 21:48:45,0.264876302
2023-11-04 21:49:00,0.303563156
2023-11-04 21:49:15,0.313252575
2023-11-04 21:49:30,0.322226867
2023-11-04 21:49:45,0.325970621
2023-11-04 21:50:00,0.320971994
2023-11-04 21:50:15,0.17041169
2023-11-04 21:50:30,0.268806297
2023-11-04 21:50:45,0.317719953
2023-11-04 21:51:00,0.278234389
2023-11-04 21:51:15,0.321489857
2023-11-04 21:51:30,0.322458412
2023-11-04 21:51:45,0.269280073
2023-11-04 21:52:00,0.320675115
2023-11-04 21:52:15,0.338498941
2023-11-04 21:52:30,0.331802311
2023-11-04 21:52:45,0.342310483
2023-11-04 21:53:00,0.325815357
2023-11-04 21:53:15,0.288573782
2023-11-04 21:53:30,0.32763386
2023-11-04 21:53:45,0.159013693
2023-11-04 21:54:00,0.166075132
2023-11-04 21:54:15,0.337567217
2023-11-04 21:54:30,0.282071081
2023-11-04 21:54:45,0.318762126
2023-11-04 21:55:00,0.309944231
2023-11-04 21:55:15,0.326278923
2023-11-04 21:55:30,0.311518955
2023-11-04 21:55:45,0.307191483
2023-11-04 21:56:00,0.313866632
2023-11-04 21:56:15,0.250563317
2023-11-04 21:56:30,0.151068156
2023-11-04 21:56:45,0.150613505
2023-11-04 21:57:00,0.10787763
2023-11-04 21:57:15,0.320732346
2023-11-04 21:57:30,0.230827871
2023-11-04 21:57:45,0.156762744
2023-11-04 21:58:00,0.318888207
2023-11-04 21:58:15,0.325287704
2023-11-04 21:58:30,0.315792484
2023-11-04 21:58:45,0.316237157
2023-11-04 21:59:00,0.31247205
2023-11-04 21:59:15,0.157432647
2023-11-04 21:59:30,0.167175806
2023-11-04 21:59:45,0.315452406
2023-11-04 22:00:00,0.255448104
2023-11-04 22:00:15,0.164464379
2023-11-04 22:00:30,0.319560781
2023-11-04 22:00:45,0.306376696
2023-11-04 22:01:00,0.321257707
2023-11-04 22:01:15,0.325830955
2023-11-04 22:01:30,0.313773659
2023-11-04 22:01:45,0.311102284
2023-11-04 22:02:00,0.267923143
2023-11-04 22:02:15,0.309432969
2023-11-04 22:02:30,0.314642148
2023-11-04 22:02:45,0.320320486
2023-11-04 22:03:00,0.306283939
2023-11-04 22:03:15,0.269758905
2023-11-04 22:03:30,0.304235003
2023-11-04 22:03:45,0.322223946
2023-11-04 22:04:00,0.325502506
2023-11-04 22:04:15,0.318067186
2023-11-04 22:04:30,0.319604712
2023-11-04 22:04:45,0.314993317
2023-11-04 22:05:00,0.320201712
2023-11-04 22:05:15,0.318252053
2023-11-04 22:05:30,0.349667254
2023-11-04 22:05:45,0.325819547
2023-11-04 22:06:00,0.319372843
2023-11-04 22:06:15,0.317635062
2023-11-04 22:06:30,0.158128993
2023-11-04 22:06:45,0
2023-11-04 22:07:00,0.161146181
2023-11-04 22:07:15,0.268049473
2023-11-04 22:07:30,0.320023595
2023-11-04 22:07:45,0.313905098
2023-11-04 22:08:00,0.313520821
2023-11-04 22:08:15,0.310052081
2023-11-04 22:08:30,0.330149834
2023-11-04 22:08:45,0.274127965
2023-11-04 22:09:00,0.32694358
2023-11-04 22:09:15,0.325879002
2023-11-04 22:09:30,0.16497825
2023-11-04 22:09:45,0.25857822
2023-11-04 22:10:00,0.347622148
2023-11-04 22:10:15,0.162610716
2023-11-04 22:10:30,0.176925103
2023-11-04 22:10:45,0.173927173
2023-11-04 22:11:00,0.26834417
2023-11-04 22:11:15,0.337097645
2023-11-04 22:11:30,0.31968326
2023-11-04 22:11:45,0.275423763
2023-11-04 22:12:00,0.163545624
2023-11-04 22:12:15,0.327045537
2023-11-04 22:12:30,0.169567905
2023-11-04 22:12:45,0.282148697
2023-11-04 22:13:00,0.337268515
2023-11-04 22:13:15,0.29068306
2023-11-04 22:13:30,0.3223532
2023-11-04 22:13:45,0.162215991
2023-11-04 22:14:00,0.274025104
2023-11-04 22:14:15,0.109330864
2023-11-04 22:14:30,0.092227828
2023-11-04 22:14:45,0.317795137
2023-11-04 22:15:00,0.337243904
2023-11-04 22:15:15,0.337670049
2023-11-04 22:15:30,0.29711437
2023-11-04 22:15:45,0.323520293
2023-11-04 22:16:00,0.3343268
2023-11-04 22:16:15,0.292064206
2023-11-04 22:16:30,0.325628196
2023-11-04 22:16:45,0.320214032
2023-11-04 22:17:00,0.314887558
2023-11-04 22:17:15,0.164339888
2023-11-04 22:17:30,0.162154579
2023-11-04 22:17:45,0.318249012
2023-11-04 22:18:00,0.267801223
2023-11-04 22:18:15,0.163309439
2023-11-04 22:18:30,0.324860712
2023-11-04 22:18:45,0.286574317
2023-11-04 22:19:00,0.335366285
2023-11-04 22:19:15,0.288791667
2023-11-04 22:19:30,0.339090523
2023-11-04 22:19:45,0.290288627
2023-11-04 22:20:00,0.274030176
2023-11-04 22:20:15,0.168240967
2023-11-04 22:20:30,0.164865996
2023-11-04 22:20:45,0.306578801
2023-11-04 22:21:00,0.31373697
2023-11-04 22:21:15,0
2023-11-04 22:21:30,0
2023-11-04 22:21:45,0.318818816
2023-11-04 22:22:00,0.324220766
2023-11-04 22:22:15,0.313893415
2023-11-04 22:22:30,0.320830075
2023-11-04 22:22:45,0.321499118
2023-11-04 22:23:00,0.312104771
2023-11-04 22:23:15,0.326127865
2023-11-04 22:23:30,0.328913872
2023-11-04 22:23:45,0.32963611
2023-11-04 22:24:00,0.321587581
2023-11-04 22:24:15,0.282858366
2023-11-04 22:24:30,0.329044072
2023-11-04 22:24:45,0.315034772
2023-11-04 22:25:00,0.321859395
2023-11-04 22:25:15,0.326705835
2023-11-04 22:25:30,0.323588067
2023-11-04 22:25:45,0.320729609
2023-11-04 22:26:00,0.33043373
2023-11-04 22:26:15,0.334782529
2023-11-04 22:26:30,0.268882832
2023-11-04 22:26:45,0.317963712
2023-11-04 22:27:00,0.284824428
2023-11-04 22:27:15,0.324769974
2023-11-04 22:27:30,0.331347567
2023-11-04 22:27:45,0.319317647
2023-11-04 22:28:00,0.322425819
2023-11-04 22:28:15,0.326379842
2023-11-04 22:28:30,0.315597438
2023-11-04 22:28:45,0.253519241
2023-11-04 22:29:00,0.1013846
2023-11-04 22:29:15,0.167593221
2023-11-04 22:29:30,0.164244838
2023-11-04 22:29:45,0.164703285
2023-11-04 22:30:00,0.323338145
2023-11-04 22:30:15,0.347856217
2023-11-04 22:30:30,0.321492025
2023-11-04 22:30:45,0.32126974
2023-11-04 22:31:00,0.32741055
2023-11-04 22:31:15,0.0296301
2023-11-04 22:31:30,0.01743186
